iyear,gname,count,proportion
1972,Irish Republican Army (IRA),160,0.33613445378151263
1972,Protestant extremists,48,0.10084033613445378
1972,Ulster Volunteer Force (UVF),23,0.04831932773109244
1972,Basque Fatherland and Freedom (ETA),3,0.0063025210084033615
1972,Palestinians,2,0.004201680672268907
