iyear,gname,count,proportion
1974,Irish Republican Army (IRA),113,0.25681818181818183
1974,Ulster Volunteer Force (UVF),30,0.06818181818181818
1974,Protestant extremists,24,0.05454545454545454
1974,Basque Fatherland and Freedom (ETA),10,0.022727272727272728
1974,Palestinians,3,0.006818181818181818
